{"train/loss_cls": 0.5729367673397064, "train/loss_bbox": 0.5933887243270874, "train/loss": 1.1663254857063294, "train/grad_norm": 2.7080114245414735, "learning_rate": 6.545091881704794e-05, "momentum": 0.9, "_runtime": 1945, "_timestamp": 1621180894, "_step": 1034, "val/bbox_mAP": 0.006, "val/bbox_mAP_50": 0.019, "val/bbox_mAP_75": 0.002, "val/bbox_mAP_s": 0.0, "val/bbox_mAP_m": 0.007, "val/bbox_mAP_l": 0.017}