{"train/loss_cls": 0.2490976020693779, "train/loss_bbox": 0.2984584629535675, "train/loss": 0.5475560665130615, "train/grad_norm": 1.5721110343933105, "learning_rate": 4.405877846125507e-05, "momentum": 0.9, "_runtime": 3833, "_timestamp": 1621177842, "_step": 1720, "val/bbox_mAP": 0.116, "val/bbox_mAP_50": 0.23, "val/bbox_mAP_75": 0.107, "val/bbox_mAP_s": 0.029, "val/bbox_mAP_m": 0.108, "val/bbox_mAP_l": 0.208}