{"train/loss_rpn_cls": 0.5922691583633423, "train/loss_rpn_bbox": 0.06597462929785251, "train/s0.loss_cls": 0.30418050438165667, "train/s0.acc": 95.546875, "train/s0.loss_bbox": 0.13289894461631774, "train/s0.loss_mask": 0.9272621273994446, "train/s1.loss_cls": 0.10426315478980541, "train/s1.acc": 97.5146484375, "train/s1.loss_bbox": 0.017525475611910223, "train/s1.loss_mask": 0.45577031970024107, "train/s2.loss_cls": 0.042796609364449976, "train/s2.acc": 98.26171875, "train/s2.loss_bbox": 0.0016905570548260585, "train/s2.loss_mask": 0.23524220883846284, "train/loss": 2.8798737287521363, "train/grad_norm": 7.979819917678833, "learning_rate": 1.1888200000000004e-05, "momentum": 0.9, "_runtime": 94, "_timestamp": 1621349438, "_step": 60}