{"train/loss_rpn_cls": 0.015346540536847897, "train/loss_rpn_bbox": 0.016101471916772424, "train/loss_semantic_seg": 0.10974641107022762, "train/s0.loss_cls": 0.1780541453510523, "train/s0.acc": 94.248046875, "train/s0.loss_bbox": 0.10217721890658141, "train/s0.loss_mask": 0.1923356309533119, "train/s1.loss_cls": 0.07476211227476597, "train/s1.acc": 95.16724548339843, "train/s1.loss_bbox": 0.09343164679594337, "train/s1.loss_mask": 0.0805048119276762, "train/s2.loss_cls": 0.03429667614400387, "train/s2.acc": 95.20716934204101, "train/s2.loss_bbox": 0.059837910998612645, "train/s2.loss_mask": 0.03670164812356234, "train/loss": 0.993296229839325, "train/grad_norm": 8.632147789001465, "learning_rate": 1.570851786484252e-06, "momentum": 0.9, "_runtime": 65118, "_timestamp": 1621501187, "_step": 30068, "val/bbox_mAP": 0.37, "val/bbox_mAP_50": 0.512, "val/bbox_mAP_75": 0.399, "val/bbox_mAP_s": 0.103, "val/bbox_mAP_m": 0.346, "val/bbox_mAP_l": 0.641, "val/segm_mAP": 0.359, "val/segm_mAP_50": 0.494, "val/segm_mAP_75": 0.376, "val/segm_mAP_s": 0.08, "val/segm_mAP_m": 0.334, "val/segm_mAP_l": 0.637}