{"train/loss_rpn_cls": 0.23875821232795716, "train/loss_rpn_bbox": 0.05081976167857647, "train/s0.loss_cls": 0.9966965019702911, "train/s0.acc": 91.1523422241211, "train/s0.loss_bbox": 0.20898300409317017, "train/s0.loss_mask": 0.7227712869644165, "train/s1.loss_cls": 0.42465925216674805, "train/s1.acc": 95.8007797241211, "train/s1.loss_bbox": 0.06638835910707712, "train/s1.loss_mask": 0.36964737474918363, "train/s2.loss_cls": 0.1916739121079445, "train/s2.acc": 97.79296646118163, "train/s2.loss_bbox": 0.009549387078732253, "train/s2.loss_mask": 0.18829841017723084, "train/loss": 3.468245530128479, "train/grad_norm": 7.787794017791748, "learning_rate": 2.3876200000000004e-05, "momentum": 0.9, "_runtime": 183, "_timestamp": 1621360568, "_step": 120}