{"train/loss_rpn_cls": 0.25156840980052947, "train/loss_rpn_bbox": 0.05138877835124731, "train/s0.loss_cls": 0.41367257386446, "train/s0.acc": 89.94140625, "train/s0.loss_bbox": 0.3667058378458023, "train/s0.loss_mask": 0.69688960313797, "train/s1.loss_cls": 0.12390877306461334, "train/s1.acc": 95.1904296875, "train/s1.loss_bbox": 0.052255685441195965, "train/s1.loss_mask": 0.3460755318403244, "train/s2.loss_cls": 0.0379083413630724, "train/s2.acc": 97.451171875, "train/s2.loss_bbox": 0.004881978797493502, "train/s2.loss_mask": 0.17601168155670166, "train/loss": 2.5212671399116515, "train/grad_norm": 5.7750293731689455, "learning_rate": 3.18682e-05, "momentum": 0.9, "_runtime": 255, "_timestamp": 1621345568, "_step": 160}