{"train/loss_rpn_cls": 0.68755042552948, "train/loss_rpn_bbox": 0.057005231827497484, "train/s0.loss_cls": 2.0382389783859254, "train/s0.acc": 83.76953125, "train/s0.loss_bbox": 0.07174737490713597, "train/s0.loss_mask": 1.8391981363296508, "train/s1.loss_cls": 1.0396231889724732, "train/s1.acc": 81.6748046875, "train/s1.loss_bbox": 0.01009612858761102, "train/s1.loss_mask": 0.8465334475040436, "train/s2.loss_cls": 0.47097176015377046, "train/s2.acc": 96.2060546875, "train/s2.loss_bbox": 0.0008955652519944124, "train/s2.loss_mask": 0.44464791715145113, "train/loss": 7.5065079689025875, "train/grad_norm": 32.80508975982666, "learning_rate": 3.896200000000005e-06, "momentum": 0.9, "_runtime": 48, "_timestamp": 1621356618, "_step": 20}