{"train/loss_rpn_cls": 0.010876188566908241, "train/loss_rpn_bbox": 0.0012541102507384494, "train/loss_cls": 0.07672929391264915, "train/acc": 98.30000915527344, "train/loss_bbox": 0.011902273771647742, "train/loss": 0.10076186880469322, "train/grad_norm": 0.3037746503949165, "learning_rate": 0.013086920000000002, "momentum": 0.9, "_runtime": 311, "_timestamp": 1621164210, "_step": 329, "val/bbox_mAP": 0.0, "val/bbox_mAP_50": 0.0, "val/bbox_mAP_75": 0.0, "val/bbox_mAP_s": 0.0, "val/bbox_mAP_m": 0.0, "val/bbox_mAP_l": 0.0}