{"train/loss_cls": 0.6839586317539215, "train/loss_bbox": 0.6114782094955444, "train/loss": 1.2954368352890016, "train/grad_norm": 4.386129784584045, "learning_rate": 9.567728152758428e-05, "momentum": 0.9, "_runtime": 847, "_timestamp": 1621181797, "_step": 468, "val/bbox_mAP": 0.002, "val/bbox_mAP_50": 0.008, "val/bbox_mAP_75": 0.002, "val/bbox_mAP_s": 0.0, "val/bbox_mAP_m": 0.001, "val/bbox_mAP_l": 0.008}