{"train/loss_rpn_cls": 0.20681612938642502, "train/loss_rpn_bbox": 0.0885605413466692, "train/loss_cls": 0.4645550549030304, "train/acc": 89.78759765625, "train/loss_bbox": 0.3793002486228943, "train/loss": 1.1392319738864898, "train/grad_norm": 1.4102954924106599, "learning_rate": 0.0036563599999999987, "momentum": 0.9, "_runtime": 259, "_timestamp": 1621164948, "_step": 92, "val/bbox_mAP": 0.002, "val/bbox_mAP_50": 0.008, "val/bbox_mAP_75": 0.0, "val/bbox_mAP_s": 0.0, "val/bbox_mAP_m": 0.015, "val/bbox_mAP_l": 0.003}