{"train/loss_cls": 0.43868896961212156, "train/loss_bbox": 0.4886093884706497, "train/loss": 0.9272983729839325, "train/grad_norm": 2.387046205997467, "learning_rate": 3.500013e-05, "momentum": 0.9, "_runtime": 8198, "_timestamp": 1621250237, "_step": 3464, "val/bbox_mAP": 0.027, "val/bbox_mAP_50": 0.07, "val/bbox_mAP_75": 0.018, "val/bbox_mAP_s": 0.001, "val/bbox_mAP_m": 0.032, "val/bbox_mAP_l": 0.07}