{"train/loss_rpn_cls": 0.1518631588667631, "train/loss_rpn_bbox": 0.05680482853204012, "train/s0.loss_cls": 0.40683007091283796, "train/s0.acc": 90.09114303588868, "train/s0.loss_bbox": 0.37762515544891356, "train/s0.loss_mask": 0.5787047296762466, "train/s1.loss_cls": 0.12388071119785309, "train/s1.acc": 94.55077819824218, "train/s1.loss_bbox": 0.07087897025048732, "train/s1.loss_mask": 0.27193902879953386, "train/s2.loss_cls": 0.03502577375620604, "train/s2.acc": 97.37630004882813, "train/s2.loss_bbox": 0.008539449516683817, "train/s2.loss_mask": 0.13548053801059723, "train/loss": 2.217572343349457, "train/grad_norm": 3.630390667915344, "learning_rate": 0.0001, "momentum": 0.9, "_runtime": 1741, "_timestamp": 1621358422, "_step": 923, "val/bbox_mAP": 0.004, "val/bbox_mAP_50": 0.014, "val/bbox_mAP_75": 0.001, "val/bbox_mAP_s": 0.0, "val/bbox_mAP_m": 0.007, "val/bbox_mAP_l": 0.01}