{"train/loss_cls": 0.6687663435935974, "train/loss_bbox": 0.6292363405227661, "train/loss": 1.2980026841163634, "train/grad_norm": 5.642840337753296, "learning_rate": 9.890738222193022e-05, "momentum": 0.9, "_runtime": 688, "_timestamp": 1621178685, "_step": 274, "val/bbox_mAP": 0.001, "val/bbox_mAP_50": 0.003, "val/bbox_mAP_75": 0.0, "val/bbox_mAP_s": 0.0, "val/bbox_mAP_m": 0.005, "val/bbox_mAP_l": 0.002}