{"train/loss_rpn_cls": 0.20867904946208, "train/loss_rpn_bbox": 0.05511484462767839, "train/s0.loss_cls": 0.4265255630016327, "train/s0.acc": 89.9365234375, "train/s0.loss_bbox": 0.3704924374818802, "train/s0.loss_mask": 0.5912145107984543, "train/s1.loss_cls": 0.12224765717983246, "train/s1.acc": 95.2197265625, "train/s1.loss_bbox": 0.0561479302123189, "train/s1.loss_mask": 0.288183382153511, "train/s2.loss_cls": 0.03547301273792982, "train/s2.acc": 97.548828125, "train/s2.loss_bbox": 0.00591614656150341, "train/s2.loss_mask": 0.14444490894675255, "train/loss": 2.3044394731521605, "train/grad_norm": 3.5125916719436647, "learning_rate": 0.0001, "momentum": 0.9, "_runtime": 895, "_timestamp": 1621347894, "_step": 560}