{"train/loss_rpn_cls": 0.1600724220275879, "train/loss_rpn_bbox": 0.050472074653953314, "train/loss_semantic_seg": 0.24771713837981224, "train/s0.loss_cls": 0.5475244611501694, "train/s0.acc": 90.56640625, "train/s0.loss_bbox": 0.24153800308704376, "train/s0.loss_mask": 0.5742370665073395, "train/s1.loss_cls": 0.20711458399891852, "train/s1.acc": 95.263671875, "train/s1.loss_bbox": 0.08844618313014507, "train/s1.loss_mask": 0.2790966436266899, "train/s2.loss_cls": 0.07991467900574208, "train/s2.acc": 97.87109375, "train/s2.loss_bbox": 0.013385907653719187, "train/s2.loss_mask": 0.13936635106801987, "train/loss": 2.628885507583618, "train/grad_norm": 12.988749408721924, "learning_rate": 3.060694e-05, "momentum": 0.9, "_runtime": 719, "_timestamp": 1621435304, "_step": 460}