{"train/loss_rpn_cls": 0.0764564149081707, "train/loss_rpn_bbox": 0.0009867513290373608, "train/loss_cls": 0.08402571976184844, "train/acc": 97.31445236206055, "train/loss_bbox": 0.007004774373490364, "train/loss": 0.16847365945577622, "train/grad_norm": 0.41395164132118223, "learning_rate": 0.004455559999999998, "momentum": 0.9, "_runtime": 207, "_timestamp": 1621164624, "_step": 112, "val/bbox_mAP": 0.0, "val/bbox_mAP_50": 0.0, "val/bbox_mAP_75": 0.0, "val/bbox_mAP_s": 0.0, "val/bbox_mAP_m": 0.0, "val/bbox_mAP_l": 0.0}