{"train/loss_rpn_cls": 0.6885842442512512, "train/loss_rpn_bbox": 0.060028063226491214, "train/s0.loss_cls": 2.0720741629600523, "train/s0.acc": 69.111328125, "train/s0.loss_bbox": 0.05173172811046243, "train/s0.loss_mask": 1.9839187383651733, "train/s1.loss_cls": 0.8575751781463623, "train/s1.acc": 98.1591796875, "train/s1.loss_bbox": 0.006231154687702656, "train/s1.loss_mask": 0.8347910642623901, "train/s2.loss_cls": 0.4808022201061249, "train/s2.acc": 87.607421875, "train/s2.loss_bbox": 0.0005715282546589151, "train/s2.loss_mask": 0.5363666117191315, "train/loss": 7.572674798965454, "train/grad_norm": 33.67775650024414, "learning_rate": 3.896200000000005e-06, "momentum": 0.9, "_runtime": 48, "_timestamp": 1621356419, "_step": 20}