{"train/loss_rpn_cls": 0.029772712278645485, "train/loss_rpn_bbox": 0.027516403561457993, "train/s0.loss_cls": 0.17434298601001502, "train/s0.acc": 93.505859375, "train/s0.loss_bbox": 0.13383742030709983, "train/s0.loss_mask": 0.19328849464654924, "train/s1.loss_cls": 0.07412189589813352, "train/s1.acc": 94.64205017089844, "train/s1.loss_bbox": 0.11755950320512057, "train/s1.loss_mask": 0.08468807637691497, "train/s2.loss_cls": 0.03668107609264552, "train/s2.acc": 94.72539901733398, "train/s2.loss_bbox": 0.06419441215693951, "train/s2.loss_mask": 0.03818831294775009, "train/loss": 0.9741912797093392, "train/grad_norm": 7.101432180404663, "learning_rate": 4.7746703660511765e-06, "momentum": 0.9, "_runtime": 43992, "_timestamp": 1621405714, "_step": 30088, "val/bbox_mAP": 0.349, "val/bbox_mAP_50": 0.498, "val/bbox_mAP_75": 0.36, "val/bbox_mAP_s": 0.103, "val/bbox_mAP_m": 0.33, "val/bbox_mAP_l": 0.626, "val/segm_mAP": 0.326, "val/segm_mAP_50": 0.466, "val/segm_mAP_75": 0.337, "val/segm_mAP_s": 0.07, "val/segm_mAP_m": 0.316, "val/segm_mAP_l": 0.606}