{"train/loss_rpn_cls": 0.05250465893186629, "train/loss_rpn_bbox": 0.037434708885848524, "train/s0.loss_cls": 0.26989162638783454, "train/s0.acc": 91.42578125, "train/s0.loss_bbox": 0.12241134718060494, "train/s0.loss_mask": 0.2356695182621479, "train/s1.loss_cls": 0.13037257716059686, "train/s1.acc": 91.2281120300293, "train/s1.loss_bbox": 0.1131846584379673, "train/s1.loss_mask": 0.10706667080521584, "train/s2.loss_cls": 0.0584741173312068, "train/s2.acc": 92.75649337768554, "train/s2.loss_bbox": 0.059771623089909555, "train/s2.loss_mask": 0.04689416252076626, "train/loss": 1.2336757123470306, "train/grad_norm": 6.268089962005615, "learning_rate": 6.710104006527629e-05, "momentum": 0.9, "_runtime": 13086, "_timestamp": 1621423966, "_step": 9182, "val/bbox_mAP": 0.284, "val/bbox_mAP_50": 0.426, "val/bbox_mAP_75": 0.307, "val/bbox_mAP_s": 0.133, "val/bbox_mAP_m": 0.276, "val/bbox_mAP_l": 0.517, "val/segm_mAP": 0.25, "val/segm_mAP_50": 0.375, "val/segm_mAP_75": 0.272, "val/segm_mAP_s": 0.088, "val/segm_mAP_m": 0.245, "val/segm_mAP_l": 0.476}