{"train/loss_rpn_cls": 0.04030486345291138, "train/loss_rpn_bbox": 0.05136272702366114, "train/loss_cls": 0.2642128959298134, "train/acc": 91.220703125, "train/loss_bbox": 0.3298646956682205, "train/loss": 0.6857451736927033, "train/grad_norm": 3.012799692153931, "learning_rate": 5.7821807608565046e-05, "momentum": 0.9, "_runtime": 2007, "_timestamp": 1621306491, "_step": 748, "val/bbox_mAP": 0.131, "val/bbox_mAP_50": 0.252, "val/bbox_mAP_75": 0.122, "val/bbox_mAP_s": 0.023, "val/bbox_mAP_m": 0.115, "val/bbox_mAP_l": 0.259}