{"train/loss_cls": 0.3781225770711899, "train/loss_bbox": 0.400650343298912, "train/loss": 0.7787729144096375, "train/grad_norm": 2.290378379821777, "learning_rate": 6.816821112516877e-07, "momentum": 0.9, "_runtime": 19492, "_timestamp": 1621202380, "_step": 10333, "val/bbox_mAP": 0.041, "val/bbox_mAP_50": 0.089, "val/bbox_mAP_75": 0.032, "val/bbox_mAP_s": 0.0, "val/bbox_mAP_m": 0.03, "val/bbox_mAP_l": 0.12}