{"train/loss_rpn_cls": 0.2258283495903015, "train/loss_rpn_bbox": 0.06667356826364994, "train/s0.loss_cls": 0.46726895272731783, "train/s0.acc": 87.8857421875, "train/s0.loss_bbox": 0.4526042968034744, "train/s0.loss_mask": 0.5919617593288422, "train/s1.loss_cls": 0.14596353024244307, "train/s1.acc": 93.3740234375, "train/s1.loss_bbox": 0.07955587953329087, "train/s1.loss_mask": 0.28589829206466677, "train/s2.loss_cls": 0.042851928249001504, "train/s2.acc": 96.6650390625, "train/s2.loss_bbox": 0.008755199844017625, "train/s2.loss_mask": 0.14353674948215484, "train/loss": 2.5108984231948854, "train/grad_norm": 3.1979085922241213, "learning_rate": 0.0001, "momentum": 0.9, "_runtime": 1039, "_timestamp": 1621349033, "_step": 650}