{"train/loss_cls": 0.6526950538158417, "train/loss_bbox": 0.603777801990509, "train/loss": 1.2564728379249572, "train/grad_norm": 2.185713994503021, "learning_rate": 9.045086881704794e-05, "momentum": 0.9, "_runtime": 603, "_timestamp": 1621173724, "_step": 296, "val/bbox_mAP": 0.0, "val/bbox_mAP_50": 0.001, "val/bbox_mAP_75": 0.0, "val/bbox_mAP_s": 0.0, "val/bbox_mAP_m": 0.0, "val/bbox_mAP_l": 0.001}