{"train/loss_cls": 0.5048738837242126, "train/loss_bbox": 0.47001332938671114, "train/loss": 0.974887216091156, "train/grad_norm": 2.9200267672538756, "learning_rate": 9.266344715946537e-05, "momentum": 0.9, "_runtime": 427, "_timestamp": 1621170379, "_step": 194, "val/bbox_mAP": 0.019, "val/bbox_mAP_50": 0.054, "val/bbox_mAP_75": 0.008, "val/bbox_mAP_s": 0.01, "val/bbox_mAP_m": 0.031, "val/bbox_mAP_l": 0.027}