{"train/loss_rpn_cls": 0.15309079587459565, "train/loss_rpn_bbox": 0.0482579980045557, "train/s0.loss_cls": 0.4378287136554718, "train/s0.acc": 88.4619140625, "train/s0.loss_bbox": 0.41517274379730223, "train/s0.loss_mask": 0.4700408071279526, "train/s1.loss_cls": 0.1877019390463829, "train/s1.acc": 90.1904296875, "train/s1.loss_bbox": 0.13399771228432655, "train/s1.loss_mask": 0.20668103247880937, "train/s2.loss_cls": 0.06803872287273408, "train/s2.acc": 92.9052734375, "train/s2.loss_bbox": 0.03318313006311655, "train/s2.loss_mask": 0.09224642068147659, "train/loss": 2.2462400436401366, "train/grad_norm": 3.6946713447570803, "learning_rate": 0.0001, "momentum": 0.9, "_runtime": 4792, "_timestamp": 1621354360, "_step": 2615, "val/bbox_mAP": 0.018, "val/bbox_mAP_50": 0.041, "val/bbox_mAP_75": 0.013, "val/bbox_mAP_s": 0.003, "val/bbox_mAP_m": 0.013, "val/bbox_mAP_l": 0.045}