{"train/loss_rpn_cls": 0.053758665826171635, "train/loss_rpn_bbox": 0.041029496630653736, "train/s0.loss_cls": 0.33299662843346595, "train/s0.acc": 89.12109375, "train/s0.loss_bbox": 0.14420077931135894, "train/s0.loss_mask": 0.27404279336333276, "train/s1.loss_cls": 0.1583460457623005, "train/s1.acc": 89.80652694702148, "train/s1.loss_bbox": 0.12290714289993047, "train/s1.loss_mask": 0.12573294080793856, "train/s2.loss_cls": 0.07384686674922705, "train/s2.acc": 90.03077621459961, "train/s2.loss_bbox": 0.0551315575838089, "train/s2.loss_mask": 0.055487155169248584, "train/loss": 1.4374801099300385, "train/grad_norm": 8.627106380462646, "learning_rate": 9.330127688795176e-05, "momentum": 0.9, "_runtime": 6836, "_timestamp": 1621432484, "_step": 4808, "val/bbox_mAP": 0.198, "val/bbox_mAP_50": 0.313, "val/bbox_mAP_75": 0.207, "val/bbox_mAP_s": 0.047, "val/bbox_mAP_m": 0.199, "val/bbox_mAP_l": 0.352, "val/segm_mAP": 0.17, "val/segm_mAP_50": 0.262, "val/segm_mAP_75": 0.183, "val/segm_mAP_s": 0.031, "val/segm_mAP_m": 0.173, "val/segm_mAP_l": 0.31}