{"train/loss_cls": 0.7139840841293335, "train/loss_bbox": 0.633558577299118, "train/loss": 1.347542655467987, "train/grad_norm": 2.824134814739227, "learning_rate": 8.730921144222071e-05, "momentum": 0.9, "_runtime": 319, "_timestamp": 1621303838, "_step": 174, "val/bbox_mAP": 0.0, "val/bbox_mAP_50": 0.002, "val/bbox_mAP_75": 0.0, "val/bbox_mAP_s": 0.0, "val/bbox_mAP_m": 0.0, "val/bbox_mAP_l": 0.001}