{"train/loss_rpn_cls": 0.2771217286586761, "train/loss_rpn_bbox": 0.06492601167410612, "train/s0.loss_cls": 1.0285423576831818, "train/s0.acc": 90.45572662353516, "train/s0.loss_bbox": 0.20834768265485765, "train/s0.loss_mask": 0.7785685539245606, "train/s1.loss_cls": 0.4326045006513596, "train/s1.acc": 95.39062271118163, "train/s1.loss_bbox": 0.06315184868872166, "train/s1.loss_mask": 0.4052748292684555, "train/s2.loss_cls": 0.1989555202424526, "train/s2.acc": 97.3307258605957, "train/s2.loss_bbox": 0.010163397807627917, "train/s2.loss_mask": 0.20810931473970412, "train/loss": 3.675765633583069, "train/grad_norm": 6.461974716186523, "learning_rate": 1.9880199999999993e-05, "momentum": 0.9, "_runtime": 155, "_timestamp": 1621361600, "_step": 100}