{"train/loss_rpn_cls": 0.18694693744182586, "train/loss_rpn_bbox": 0.044916785322129726, "train/s0.loss_cls": 0.3698970198631287, "train/s0.acc": 91.75780944824218, "train/s0.loss_bbox": 0.31317004561424255, "train/s0.loss_mask": 0.6313543915748596, "train/s1.loss_cls": 0.09992332831025123, "train/s1.acc": 96.28906021118163, "train/s1.loss_bbox": 0.04406153000891209, "train/s1.loss_mask": 0.30789839923381807, "train/s2.loss_cls": 0.028619865514338018, "train/s2.acc": 98.16731491088868, "train/s2.loss_bbox": 0.004120076191611588, "train/s2.loss_mask": 0.1542614832520485, "train/loss": 2.1851698756217957, "train/grad_norm": 3.532510256767273, "learning_rate": 6.38362e-05, "momentum": 0.9, "_runtime": 757, "_timestamp": 1621346761, "_step": 320}